Model,Context_Relevancy
gpt4_1_nano,0.6833333333333333
llama-3-8b,0.7166666666666667
nova-micro,0.7166666666666667
qwen-3-4b,0.75
