Model,ROUGE-1,ROUGE-2,ROUGE-L,F1,BLEU
gpt-4.1-nano,0.18546809187908886,0.03119622391902662,0.10410348949797961,0.0966309227368899,0.006806771311923499
llama-8b,0.14862886043488827,0.02833201126807074,0.0873269613237497,0.08099853357792577,0.005341476297674603
nova-micro,0.1446112643694946,0.02641738727626795,0.08840927710605909,0.0701098791191457,0.00613216521564297
qwen,0.2535900449400451,0.03288446780105791,0.1565152522149127,0.14665282568387203,0.013635467861084199
